Date,TSLA,META,GOOGL,GC=F,^GSPC,NVDA,MSFT,AMZN,AAPL
2024-03-25,0.010536808713131895,-0.012873303006956327,-0.004642841744147308,0.007738265333480765,-0.0030549644525015296,0.007561806188923548,-0.01371475015217849,0.004696213001679439,-0.00830043672598868
2024-03-26,0.029195349264770964,-0.014174349873951497,0.003998082996132801,0.0003678723607516421,-0.002799795225030266,-0.02569414503248757,-0.0028614044836087205,-0.007845994154095037,-0.0066725262142970365
2024-03-27,0.012157391142962881,-0.004093695839350375,0.001327319489281109,0.006894649442312106,0.008630626525532925,-0.02496741058214058,-0.0005217350337198834,0.008581036192426339,0.021212672806168564
2024-03-28,-0.022465709302040393,-0.016765895670188713,0.00039774931204306085,0.012234001411838502,0.0011164855071790214,0.0011745941624954348,-0.001684739792015777,0.0030584610251771505,-0.010559268181828618
2024-04-01,-0.003242460249155976,0.01188269022481836,0.030212764098715983,0.008613736131250604,-0.0020135845401164643,7.745422408911296e-05,0.00915098403721526,0.003270852211551434,-0.008455653882056047
2024-04-02,-0.049024062767074494,0.012252000728336654,-0.005981045003671026,0.010954616588419341,-0.0072390590731691296,-0.01008152924857142,-0.007372111579870277,-0.0015472110151306673,-0.006998915669842121
2024-04-03,0.01050231020055925,0.018839085683600487,0.002329122924521254,0.014772181487726632,0.001091122364688113,-0.005455429198055639,-0.002349123279757004,0.009519072430478781,0.0047974706474429585
2024-04-04,0.016213301154368365,0.008248844026715885,-0.028337196947744614,-0.0024406615036484114,-0.012334336350379616,-0.034384734343960055,-0.006112447979282787,-0.013212014767422509,-0.004892223247390914
2024-04-05,-0.036292482565110196,0.032138113286317216,0.013087030058684945,0.016121942308871873,0.011099194174331695,0.024480632222288357,0.018282635150205673,0.028166707356770848,0.004501628390580992
2024-04-08,0.04899940648952894,-0.015341171911500862,0.015409958192101225,0.0025798684808746586,-0.00037463099831791524,-0.0099423358223788,-0.002185536536464805,0.0006483768975988902,-0.006663463927233604
2024-04-09,0.02254601255405486,-0.004525705219944776,0.011301229519355749,0.005060706383852809,0.0014454931932483817,-0.020417195668368415,0.00398035886021475,0.002591909504893186,0.007242490368965848
2024-04-10,-0.028946236061948905,0.005668451466661839,-0.0029375065167236425,-0.00593125766748448,-0.009456980649108493,0.01974142519704536,-0.007084504477833264,0.0015080453603608657,-0.011139277335305509
2024-04-11,0.01653476762638495,0.006405891723460622,0.020942742025044758,0.010817286278974603,0.007444797710585593,0.041096474168206054,0.011033326143234712,0.016671181255133227,0.04327092383611997
2024-04-12,-0.020332204625772565,-0.021523078000322715,-0.010538804760889864,0.000594488837575291,-0.01455068829580164,-0.026816345692080357,-0.014091022921904117,-0.015445639364236818,0.008626750370855918
2024-04-15,-0.05594859487563397,-0.022797385670972004,-0.01819571282823318,0.00407439854647107,-0.01202135494776202,-0.02477732643560726,-0.019578104254846518,-0.013485250630092094,-0.021863571611856703
2024-04-16,-0.027062145360474688,-0.0009396301986345224,-0.0029703144779119617,0.010567249760766284,-0.0020565070133361507,0.01644176628919647,0.0022723929054833114,-0.001633742516860992,-0.019167232469808893
2024-04-17,-0.010565868854054306,-0.011185410990064093,0.006930065422041887,-0.007988998354593546,-0.005780602724641426,-0.03866614806578894,-0.006609021522432923,-0.011128128209780819,-0.008147392544748833
2024-04-18,-0.03550983840996058,0.015440027871397533,0.0034731364693432187,0.004469409231556698,-0.002208160119998248,0.007568147429070304,-0.01838090161497974,-0.011363622972558218,-0.005714387398416121
2024-04-19,-0.0192088959161848,-0.0413112469873127,-0.012306767321620948,0.006758113245871167,-0.00875854812743615,-0.10004587920878649,-0.012739042937535361,-0.02561096030926935,-0.012212541019678946
2024-04-22,-0.03400203941675628,0.001371924558410953,0.014212480468423605,-0.027601715254901182,0.008731248071466746,0.04354330142424101,0.004610119889620901,0.014888568814227066,0.005090860302523037
2024-04-23,0.018514534090260826,0.02983001409401642,0.012669483764375933,-0.0019295086588689836,0.011964576270872662,0.03653250357994309,0.016485483516203825,0.01303389727631088,0.006391732144435336
2024-04-24,0.12061109407252757,-0.005240871276096293,0.005497280858592912,-0.0013747266567858407,0.0002130100613548791,-0.03331580831419256,0.003655859817788709,-0.016430862529557833,0.012702182894605674
2024-04-25,0.04965143743002587,-0.10561300984488242,-0.019669392041965827,0.0022800812338674703,-0.004576430353515626,0.03708718606543271,-0.024495210268070333,-0.016535467634067658,0.005147377689121324
2024-04-26,-0.011105884774887609,0.004327449133163963,0.10224364297879984,0.002146106916992796,0.01020914263474304,0.06175566980296998,0.018243816152848424,0.034260361668536854,-0.0034729685804901766
2024-04-29,0.1530691710339953,-0.024070179574569917,-0.033730808353163444,0.004539940591891556,0.0031784486665891176,0.0002507867204648573,-0.010016865435619748,0.007460258507441919,0.024808070197680054
2024-04-30,-0.05550118063944742,-0.005663042460145484,-0.020282744432381872,-0.02302379220960915,-0.01573051358686217,-0.015440257761155207,-0.03211926741705451,-0.03293549122868411,-0.018270914578682906
2024-05-01,-0.017950640048260635,0.020968452231555634,0.006634617386086505,0.0037095227207202264,-0.0034354388154940185,-0.03889971031247319,0.014409318639490465,0.02285714285714291,-0.0060470996018553436
2024-05-02,0.0001110562423569661,0.005669406128766541,0.016843581440678435,-0.00030433984155642246,0.009128437077573048,0.03342933140601945,0.007342950302876794,0.031955314082140474,0.022032038105242124
2024-05-03,0.006555235656792835,0.023274797123678415,0.0037212276803173516,-8.696554285025915e-05,0.012556739721478527,0.03463183058827557,0.022169719115075592,0.008066292135759712,0.05981622841362544
2024-05-06,0.019703030064167848,0.030356750643619757,0.0051422379956309605,0.009830403504240914,0.01032612390701182,0.037741076123122275,0.016918332687938964,0.013371946429286963,-0.009106791850394869
2024-05-07,-0.03761635178001177,0.0054973261202015955,0.01873874232124728,-0.002756782484130804,0.0013434298232750663,-0.017212945972196136,-0.010156372518656198,0.0003179520909595279,0.0037971476423575012
2024-05-08,-0.017378079862311324,0.009311452650456298,-0.010919691399130405,-0.0006910217473075075,-5.835618166138978e-06,-0.0015679473930220178,0.002931723872567904,-0.004026247769404412,0.0018641595140258538
2024-05-09,-0.01573946875450305,0.0059669341284664945,0.00342434227527999,0.007996196066356154,0.005090947698625836,-0.01841576352351182,0.004335819504791116,0.007978723404255428,0.010014290548992388
2024-05-10,-0.02035238689978358,0.0016407102825317654,-0.007707816517071864,0.01509367081080737,0.001649398844549843,0.012744029157514492,0.0058690979938598176,-0.01065965315282813,-0.006890196587229558
2024-05-13,0.020300339194899042,-0.017198627963782798,0.002905440018254435,-0.013179550765995973,-0.00024130405535727206,0.005796825048004051,-0.002459363412650295,-0.004853789332504466,0.01764534865728873
2024-05-14,0.03292805679333921,0.008204838099244549,0.007094714791450185,0.007405420985537647,0.004837813139759728,0.010586340805643912,0.006864544977501108,0.002679959159411549,0.006173424465033106
2024-05-15,-0.02005067585133169,0.020536268533218216,0.012739188305177507,0.014999596453186603,0.011715927882596233,0.035837758181095136,0.01748388651286059,-0.005773249525686364,0.012218081195098929
2024-05-16,0.004885285464054867,-0.01725717776420277,0.009680567232678738,-0.0036421280821004043,-0.0020816677921287052,-0.002863717438803648,-0.004939905363462671,-0.012688857146349708,0.0006324321571860025
2024-05-17,0.014985188920464187,-0.002789306579394024,0.010793571266107138,0.013529391248686906,0.0011647735102702228,-0.019924036053757144,-0.0018528385936392722,0.005826891232250109,0.00015798794807597716
2024-05-20,-0.014144086952910362,-0.006505471191358914,0.004884717173978759,0.008995917258572517,0.0009163899374069473,0.024881525974497443,0.01220824908544782,-0.006280474722663021,0.006162169371322523
2024-05-21,0.06659050790792542,-0.00897961972827388,0.0052565717979871085,-0.005012511467758718,0.002501874243978186,0.006393710115304652,0.008698995041310775,-0.0021248741632045043,0.0068572358203118355
2024-05-22,-0.03478030697150003,0.006779521353649676,-0.008265346955953379,-0.013420324835978548,-0.002706123039226127,-0.004570851762799921,0.0034494898883048464,-0.00010914012742568868,-0.00753842939438254
2024-05-23,-0.03536724832380789,-0.00427539751519368,-0.01604495525518901,-0.022685397739645285,-0.0073807894850155265,0.09319648371511469,-0.008176166456242528,-0.011358061353112014,-0.02105804715165671
2024-05-24,0.03165649721483632,0.026707805946156293,0.008297338416880962,-0.0010706638115631772,0.0070010425881694704,0.025722767436175076,0.007400491468314785,-0.0016570176564539851,0.016588095501814504
2024-05-28,-0.01389201861667555,0.003554905855263746,0.008057596667547795,0.009732026225884205,0.0002488018529340774,0.06980426968969322,0.00037191602975217286,0.007745471073219212,5.262384251714103e-05
2024-05-29,-0.0031683030189180172,-0.011585337717996969,-0.002834459877295692,-0.006326385297492965,-0.007367046509680453,0.008112258052757948,-0.002672348808000047,-0.0007136405620595809,0.001579115703264522
2024-05-30,0.014756744473008343,-0.015410211496779791,-0.021546281416666813,0.0011109060639156176,-0.005975035585443322,-0.03766606905314174,-0.03378617881247892,-0.014833517662161122,0.005255098268390546
2024-05-31,-0.003971091681523098,-0.000471057630290872,0.0022658656023499812,-0.008536429567474357,0.00802787620486467,-0.007846009899924011,0.0011093117714588985,-0.016060700229647673,0.0050185727369300714
2024-06-03,-0.0100517100545634,0.02283485293621701,0.0038841300743175378,0.010202848296901212,0.0011160825806737495,0.04895421172582415,-0.0038783629096831307,0.01076849847083472,0.009258751209376248
2024-06-04,-0.008622094682395387,-0.0010471137691933086,0.0035802982752610735,-0.00899177396153883,0.0015028090913065117,0.012495612486294938,0.006166654208554334,0.00560726713319748,0.0016492079919478986
2024-06-05,0.0013159908560766986,0.03788342726075156,0.009321581733817919,0.012298472438722952,0.011847649793331305,0.05155579379098252,0.019083301837927502,0.010817455564965828,0.0078209382400245
2024-06-06,0.01680001395089281,-0.002625909622505196,0.007525147996616743,0.006881589779467623,-0.00019981663563317653,-0.011777213301299772,0.0012027313163827102,0.020520748266509736,-0.007096551399620621
2024-06-07,-0.0025851787543875737,-0.0016202752259545372,-0.01284437861290988,-0.027464918497738466,-0.0011152197300303701,-0.000909094349524131,-0.001578143671810861,-0.003783767287795614,0.012392043044544332
2024-06-10,-0.020791089307163446,0.01955538125276557,0.004303890110631814,0.0010845046212710763,0.0025808546645145203,0.0074614451281569405,0.00948440823510599,0.014975553234585881,-0.019147816267619078
2024-06-11,-0.018010183238054034,0.009689668087687231,0.00919952446547434,-8.664522082846293e-05,0.0027103813151374556,-0.007143996292771959,0.011241732105697233,0.0009087895389929823,0.0726492016714555
2024-06-12,0.03884911216309472,0.002699547057685603,0.006624316728335522,0.012351029252437806,0.008503672791998707,0.03548091452347513,0.019367675100753656,-0.0018159287809064173,0.028578432952154564
2024-06-13,0.029217711832219218,-0.009315260485995847,-0.014792610163751108,-0.015325363368204226,0.0023446558536817097,0.035223758182210796,0.0011789948096669889,-0.016373254687715777,0.005491060813970883
2024-06-14,-0.024442410719736185,0.0011120220323999064,0.009305653598102648,0.013564016969907167,-0.000393860697500914,0.017514071136591758,0.0022419774389768055,-0.0009247574783878276,-0.008168421088738831
2024-06-17,0.052974598199923895,0.004899248382965293,0.0025454309838677247,-0.008149610017955,0.007664386564552705,-0.00682440049537314,0.013105229260711448,0.002177904217078641,0.019671523322337015
2024-06-18,-0.013764414198944475,-0.014093212602126926,-0.012130453111430572,0.0077841207231310605,0.0025213273947457537,0.03511982522063284,-0.004527503209383221,-0.006791263808433312,-0.010984501899043986
2024-06-20,-0.017797215597047833,0.004424593356058937,0.00691083498364331,0.010041257923518065,-0.0025259318472709014,-0.035403417379042734,-0.0014338732720108327,0.017996874289478493,-0.021512907322864816
2024-06-21,0.00793075466503601,-0.013793124058586015,0.01888819175521239,-0.015889262345370136,-0.001562130321101196,-0.03219157147413598,0.00915415396939867,0.01601287280926522,-0.010444335309302444
2024-06-24,-0.0023495584322592578,0.008347156206860884,-0.002282503573844963,0.005871221822488115,-0.003065171894990004,-0.0668404911581939,-0.004691087976991137,-0.0185635417434159,0.003132628426143924
2024-06-25,0.026125557150967316,0.023431110101470587,0.026838496573197146,-0.005751031048819688,0.003933590015736899,0.06756414751885997,0.00732668168960382,0.004149318226444709,0.004468122479398984
2024-06-26,0.04814512260377568,0.004935256186568759,-0.0008150134904953976,-0.007511070426863498,0.0015724312002203256,0.002458603253347569,0.002683235292916475,0.03901472799901873,0.01999331269045146
2024-06-27,0.0053470646120412635,0.012550693428376114,0.008320684656728528,0.011003848888927692,0.0009073212238914774,-0.01906653451198692,0.0015260029435244515,0.0218997235669518,0.003986003327365095
2024-06-28,0.002330091774560339,-0.02952496775599389,-0.017582750871741104,0.0013766191318025367,-0.004083652583445674,-0.0036292717969877986,-0.013028499261749316,-0.023249966952787915,-0.01625420410191203
2024-07-01,0.060541719385108106,0.000912275817153807,0.004611568798517762,-4.289793260281449e-05,0.0026755639309195,0.006151966393728392,0.021881602438529324,0.02043982896891161,0.029104549000520175
2024-07-02,0.10197271435359379,0.009550673042795665,0.01229585437123637,-0.0019763264578318562,0.006195317856513505,-0.013113573924544486,0.005583108706971984,0.014198798656638534,0.016239978877397032
2024-07-03,0.06542422054051067,0.0009028217729647459,0.0031310371237018852,0.015841605177841167,0.005084444409779065,0.045732532734792164,0.0032442226944813246,-0.012050018310546862,0.005811043533581639
2024-07-05,0.02082067005771515,0.058729905389123926,0.02572387281381494,0.012162026687865923,0.005448765178485582,-0.01909882905028948,0.014736189256778554,0.012196992290986808,0.021620337027514536
2024-07-08,0.005645666924397386,-0.019614210560498835,-0.008237187946805391,-0.013941824922807156,0.0010166989647510949,0.018834746915271205,-0.0028231368416173908,-0.0035500335693359197,0.00653887709401646
2024-07-09,0.03712336538398886,0.0012847081919222791,-0.00026459323650751543,0.002080564956676856,0.0007410719362856977,0.024805217935426782,-0.01437027168520244,0.0002509059834530092,0.0037748313217387253
2024-07-10,0.003545241645880992,0.008848979169560511,0.011641537027452298,0.005126839123324123,0.010208065293514812,0.026868613716149348,0.014601562520351719,0.002257434315787954,0.018803646432638432
2024-07-11,-0.08444127539962887,-0.0411265231452147,-0.02934403023165577,0.01804234453633713,-0.008763028841120457,-0.05566678251315382,-0.024772164240566164,-0.023724863074531144,-0.023220867803393608
2024-07-12,0.029871787680814776,-0.026974926992043513,-0.002694523583621433,-0.00041407867494824835,0.0055170270744306915,0.01444269622633465,-0.002529130909881605,-0.0028710461411536325,0.013050866078344159
2024-07-15,0.01776579679334911,-0.0054322558453516745,0.00788885955933405,0.003686786389291541,0.0028262026252154904,-0.006190047788170339,0.0009040382178469031,-0.009100746683474936,0.016743325501425765
2024-07-16,0.015516142251486675,-0.012838542800508002,-0.013992269108964006,0.016302778320222977,0.006389375498743188,-0.016194296863952462,-0.00978059651577401,0.0015566783408964557,0.0017918141012300826
2024-07-17,-0.031415644041518975,-0.056759117382486735,-0.015767710311839545,-0.0030863603870319167,-0.013927543241993745,-0.06623935314622176,-0.013347619339616146,-0.02637038381521739,-0.025295979850843864
2024-07-18,0.002937608561525362,0.030000721266711272,-0.01839586207946753,-0.001222095462085404,-0.007816403936922511,0.026273407119353775,-0.00710227990368717,-0.022242286163404512,-0.020534815732959344
2024-07-19,-0.040243947162209914,0.0019754490286758575,-0.00016874970858782312,-0.02296274072391602,-0.007140265531926926,-0.026096325354347916,-0.007402899416660835,-0.0033741230867346816,0.0005799497864014125
2024-07-22,0.05146320115237035,0.022252938335356465,0.02257119521766393,-0.001461072844917588,0.01079203564940956,0.0475706104864706,0.013337677800416836,-0.003167158934036185,-0.0015603565019757237
2024-07-23,-0.020396762498772203,0.002646703752369195,0.000660463897703023,0.005267599354619623,-0.001558102589770738,-0.00768983444877569,0.00431211672576004,0.021144894800451786,0.004688385058036149
2024-07-24,-0.12334604589403697,-0.05610922126558027,-0.050387723260674644,0.0036180449216294264,-0.02314909375473495,-0.06803164336603529,-0.03585483877756579,-0.029934025650088625,-0.028754371426660374
2024-07-25,0.01972310939623889,-0.017039906116833703,-0.030991155433840234,-0.02544240054782676,-0.005142620237842288,-0.017242940920372485,-0.02448123209073705,-0.005419431054668911,-0.004804521592780109
2024-07-26,-0.0020431189477511102,0.027105826198782657,-0.0016738652454253433,0.011947828914082192,0.011090468702846357,0.006946988939204424,0.01641965977917348,0.014734466536293178,0.0021609664471557988
2024-07-29,0.055959976710561854,2.1353921404454468e-05,0.015149651942051534,-0.0011344332654936728,0.0008133101292933098,-0.013001988680793164,0.0034331540403853555,0.003835599716395466,0.0012846665574159921
2024-07-30,-0.04084450985365373,-0.005411033841497659,0.0044830495866223785,0.011651853196036122,-0.004960171878030217,-0.07043634836747203,-0.008928317100378225,-0.008133134602594794,0.0025660366134097057
2024-07-31,0.04244907202543402,0.025130046554103114,0.007340259075479194,0.008939708939708968,0.0157933986591674,0.1281209562539556,-0.010805811475920857,0.029002194810164417,0.014990785268128581
2024-08-01,-0.06554059651757449,0.04824886039278353,-0.004546934475024633,0.0035029878425716365,-0.013693502993456064,-0.06674059695720658,-0.0029640845228534607,-0.015563100170141508,-0.016750769347011696
2024-08-02,-0.042377581921705376,-0.019287204393981683,-0.024010307735258696,-0.0038193219006673607,-0.018381860868696753,-0.0177640079584388,-0.02066603830457625,-0.0878470841762542,0.006869480501496827
2024-08-05,-0.04232673647438423,-0.025422969169414222,-0.044461801192439254,-0.00989405140087729,-0.02996879838863975,-0.06357790335079627,-0.032656890148754836,-0.04097671157906757,-0.04816704955774109
2024-08-06,0.008849529684359148,0.03859319966965713,-0.006028347890525421,-0.005246222996955541,0.010354085880061037,0.03782977630070117,0.011286886874632307,0.005651399696776416,-0.009748200625674053
2024-08-07,-0.044258397676563366,-0.010463534711581124,0.004106448987299949,0.0005859538263479624,-0.007734647858502863,-0.05122294749631595,-0.0029528416395990797,0.0051874985158653075,0.012498214883743364
2024-08-08,0.036921162045623124,0.042358607450351915,0.019441301767690655,0.01326080366947302,0.023042611519136447,0.06126776830861602,0.01069197371628361,0.018615215947435537,0.01663326815619426
2024-08-09,0.005833854775063374,0.015972500410678103,0.010121640013610156,0.004087254018639186,0.004671676849538509,-0.002095856138585206,0.008269311626780906,0.00687575011257735,0.013736001682952415
2024-08-12,-0.012549972534179665,-0.0035151929473464794,-0.008431632831316538,0.012458288504120008,4.303397765514916e-05,0.040763756930162875,0.001945798717563063,-0.000838620987187122,0.007129902529277032
2024-08-13,0.05235706137163754,0.024401607361248523,0.011522661548922786,0.0017462837064086134,0.016847579753558328,0.06530906697202954,0.017698654311019357,0.020563504874259175,0.01719307468488518
2024-08-14,-0.0310349655555765,-0.0033678411521080864,-0.023087296706708393,-0.011067438021862053,0.0038237284285767004,0.016704042216838744,0.00688386335033031,-0.0007636117446156998,0.002033684269307834
2024-08-15,0.06336276788880446,0.020066213555620438,0.0057991765472968915,0.005616215405820579,0.016133247764330783,0.04048104173101197,0.011823831646015082,0.04403286281963403,0.013530562534709967
2024-08-16,0.009246267550119258,-0.0184432808580548,0.01029134603525983,0.018547958986048663,0.001989779357261412,0.013999655518086573,-0.006080328658389145,-0.002984395462729106,0.005918512725632485
2024-08-19,0.030538618603692225,0.003526762026351271,0.02276628729902619,0.001280697609383985,0.009722284736913167,0.04350604446807016,0.007312386972660789,0.006551472258579993,-0.0007078937185256429
2024-08-20,-0.007273684933137958,-0.004818019462162426,0.0030598927466336523,0.0037972658943907778,-0.0019845553982971165,-0.021153719718511543,0.0077574318098243555,0.003703308593809629,0.002744760556469439
2024-08-21,0.009814554993405888,0.016004439119648994,-0.007955433377699661,-0.0011548387002693339,0.004239676828782013,0.009823144537299822,-0.0015536372711378865,0.006876093995775934,-0.0004856210791819304
2024-08-22,-0.056478704568676985,-0.006035542691115614,-0.012360566999909395,-0.011760485229024398,-0.008932805548120926,-0.03704280200933541,-0.020252768607280425,-0.022097583221652117,-0.008259772004517218
2024-08-23,0.04585589810206048,-0.0073881016336243555,0.011111090334873452,0.011900440179980043,0.01148337085011919,0.045498593172568436,0.0029839967964246927,0.005166572293719973,0.01028817809630711
2024-08-26,-0.0322712435275504,-0.013030336817933863,0.003260432162372595,0.003707562266860087,-0.0031537266931381813,-0.02249359184068811,-0.007917698223831149,-0.00869856159361615,0.0014988331510099595
2024-08-27,-0.018760845523390857,-0.003876369541357949,-0.008907026995641054,-0.0006752000654739465,0.0015951960865450143,0.01455017267524461,0.0008464545019775116,-0.013561281383547064,0.0037415760015702126
2024-08-28,-0.01653843794670573,-0.004469118706861619,-0.01111244091775998,-0.0059618441971383,-0.00597597320797616,-0.020966553488271367,-0.007829023827499282,-0.013401063602498708,-0.0067535105459222144
2024-08-29,0.002575935743848623,0.0027864211174011277,-0.006570467820694259,0.009876030056727325,-3.937906806072977e-05,-0.06384851230548327,0.006137322907881382,0.007728290643119529,0.014570189077428797
2024-08-30,0.03795812428442069,0.005962645018560364,0.0098900272962823,-0.012630123514453473,0.010093051774424433,0.015137428501005745,0.009730818104138006,0.037067191865004956,-0.0034379386849026083
2024-09-03,-0.016393416920415627,-0.018319147422576565,-0.03684660199998968,-0.0015639371272799796,-0.02115107439771169,-0.09525009573455412,-0.018459054636909555,-0.012605042016806678,-0.027205196788788855
2024-09-04,0.04183284569452206,0.0019148594853914958,-0.0057830042562592165,0.0014056789980614326,-0.0016025435809103872,-0.016574069154047688,-0.0013188720381317465,-0.016567365497562103,-0.008618768737908789
2024-09-05,0.04904058305110959,0.00803538196216702,0.005049612217346233,0.007219058596689809,-0.003018017615584734,0.009415330534935817,-0.0012472546535075013,0.026308183871355473,0.006927787115230011
2024-09-06,-0.0844593239607937,-0.03209772963726132,-0.04019344699097227,-0.007127459998324093,-0.01726024985928465,-0.040854474987021994,-0.016381385532609594,-0.03653943460735232,-0.00701504364184824
2024-09-09,0.026289605928169646,0.009035150847017892,-0.01333586607634274,0.003328674083868055,0.0115800702824842,0.03539841594821502,0.010007457482168913,0.023396899008788496,0.0004076211441939037
2024-09-10,0.04577608406578748,0.0,-0.00033629851954608547,0.004196978093800263,0.004472672652839682,0.015309351862078824,0.02090114400729104,0.023660258265018275,-0.0036214766057733883
2024-09-11,0.008666077418469476,0.01394630773056127,0.016816981978005963,-7.95888898574848e-05,0.010665025888896507,0.08149869767105633,0.021342349071298727,0.02768031821904482,0.01158520021259668
2024-09-12,0.007364189890953776,0.026903548474398686,0.02335269416844854,0.015564608095077315,0.007495302358939249,0.01916160683787238,0.009360822881538278,0.013440254011034547,0.0004940179053847249
2024-09-13,0.0020886633855721204,-0.0018645542348457722,0.017906749807949263,0.011798407899162866,0.005407711405364557,-0.00033580116984088804,0.008407480402254919,-0.0027272433520638684,-0.0012120905084327394
2024-09-16,-0.015241628421408637,0.017477008816660033,0.0038104523590012374,-0.00034871826883653423,0.0012566297656613212,-0.0194794224022391,0.0017418085790938953,-0.008579580976924128,-0.027775209957403346
2024-09-17,0.004806404196833203,0.00570057201765839,0.007971758492302694,-0.006239286205599992,0.00026455008109871336,-0.010190063136572669,0.008832914100164402,0.010763186217390919,0.0021726167437754462
2024-09-18,-0.0029402649901351108,0.003039152976893611,0.0030754769542737925,0.0024957696922693895,-0.002896455862498093,-0.019205811921238047,-0.009973571391252878,-0.0024080275860086653,0.017989823613246525
2024-09-19,0.07359155565707187,0.03931585989563846,0.014579850638570147,0.006729703643647111,0.01697685316676334,0.03969310050950248,0.018291172456181615,0.01845197970580159,0.037065552575783034
2024-09-20,-0.02324531900421767,0.004024265222490442,0.008942867575212343,0.012326082822160078,-0.0019410273951238066,-0.015864986354607202,-0.007796015664669365,0.009111555436973395,-0.0029274465907872527
2024-09-23,0.04931794333683115,0.005451242793176325,-0.010636340570069902,0.002519217490082548,0.0028092730585327352,0.002241429462858102,-0.004043376190962289,0.011899784481557152,-0.0075810495740920025
2024-09-24,0.017080017089843746,-0.0019134221952424868,0.0027185008397219157,0.009404131418951023,0.0025111788443470395,0.03965245425630637,-0.010011301543413453,0.0004126358007008335,0.003974045035350704
2024-09-25,0.010815214909361437,0.008840170076654275,-0.004929396952722764,0.003017501564325231,-0.0018612489301417234,0.021841685077717887,0.006850355165127997,-0.007372694808574054,-0.004398112292970047
2024-09-26,-0.01089404681602335,-0.0008268591744575726,0.007678472056225738,0.004023748258253246,0.00403867571712313,0.004291151314470554,-0.0018513322551090283,-0.007115748848874004,0.005080185816134231
2024-09-27,0.024545630573566513,-0.0008454164795919095,0.007497126466488924,-0.009588319582000904,-0.0012532169669905446,-0.021283430723624597,-0.007627990862636325,-0.016687603998192135,0.0011866509530913394
2024-09-30,0.004492104223754234,0.008953781504455138,0.011588919793794394,-0.0031009911963315595,0.004236552581176722,0.0003294241168623202,0.005326883585190956,-0.008724793206352333,0.02287196251311041
2024-10-01,-0.013798172234708361,0.007039968522801754,0.006873711640142943,0.011835647363927837,-0.009324107094664358,-0.03656126115885805,-0.022333218264303345,-0.006440170323887107,-0.02914161747620203
2024-10-02,-0.03488095932262847,-0.006348896258443371,-0.006766889335541371,-0.007573182919840549,0.00013839090212397487,0.015811953297723225,-0.008462355195904547,-0.0019986515757441925,0.002519749746186184
2024-10-03,-0.03357160254966751,0.01738794452354675,0.0,0.003777718873892999,-0.001681413492255035,0.033655891106752156,-0.0014143619104954874,-0.015154729791167831,-0.004894597735679573
2024-10-04,0.03914235030998814,0.022598995712095116,0.007234942831946034,-0.004252774985064489,0.008970249395274354,0.016849792277512377,-0.0011523644066662175,0.02500542770436165,0.005007376145470976
2024-10-07,-0.03698816351676526,-0.018726750067197817,-0.02442231444074283,-0.00037795751059988003,-0.009586022165882668,0.022414372348951384,-0.015670824461786248,-0.03061493551686767,-0.022530828153390803
2024-10-08,0.015238957526229946,0.013868449369166314,0.008590016456534677,-0.011267410873396222,0.009689347495581924,0.040479159087773775,0.012623933896535044,0.010619458719785868,0.018404029421448476
2024-10-09,-0.014110416966225725,-0.004014249927274727,-0.015330341733983288,-0.0034416826003823564,0.007113411987488272,-0.0018061072079146312,0.006631063975792495,0.013408477078997505,0.016698400183695394
2024-10-10,-0.009458613360014412,-0.011312286296302987,0.001359213668672199,0.005602493344685433,-0.002070122839989974,0.016283455808713043,-0.003880530651612202,0.007992632403596822,-0.0021783335458569475
2024-10-11,-0.08782510719719305,0.010482586879723144,0.00715692352404429,0.014118903541632033,0.006051847587953629,-7.403645627557243e-05,0.0011542305478442483,0.011626110360002828,-0.006505334269944485
2024-10-14,0.00624426350457119,0.0007965290154814397,0.01053669362518983,-0.003687555865447112,0.0077076668832223305,0.02425824469434046,0.006773737317089745,-0.006779016992029097,0.01647987415026697
2024-10-15,0.0018707960177875016,-0.007028749560424874,0.0030310528785360003,0.005136284184919404,-0.007609466332438197,-0.046860314701913874,-0.0009544198021640415,0.0007998782160802964,0.011024656354684748
2024-10-16,0.008015641700267029,-0.01617010848169942,-0.0018132469348944857,0.004734387209210489,0.004679145956573816,0.03130688538331294,-0.00625685117117758,-0.004262363692000948,-0.008851853833045875
2024-10-17,-0.001987992760882462,0.00024284201690516483,-0.013502054847734035,0.006357516828721099,-0.00017116047891174713,0.00891543626726965,0.0014418726230491785,0.0034244710350397334,0.001596336797968112
2024-10-18,-0.0008601676940163117,-0.0007974432644285434,0.003007522467009416,0.00843550768185608,0.00397155273894878,0.007814184854199047,0.0034556001191718977,0.007785456851548744,0.012276583317144985
2024-10-21,-0.008382378207102636,-0.0022724855107439934,0.003977510468327283,0.003463959410956896,-0.0018227694906369774,0.04137688273160345,0.0014826858779573016,0.0004233124965837831,0.0062978541418803324
2024-10-22,-0.004021041161846095,0.011909914859022486,0.006521543783140515,0.007748467834063577,-0.0004748538883844189,-0.0008350090860202997,0.020846275890754606,0.003332044214411578,-0.0026217804167235625
2024-10-23,-0.019819274670942355,-0.031477290083993914,-0.014290887301938615,-0.010859284803718228,-0.009191323428069387,-0.028066062827771576,-0.006806860929367997,-0.026304640562205495,-0.021623022093217426
2024-10-24,0.21919035070290427,0.007255866418651058,-0.00036867641034699083,0.007552313858506743,0.002145772011323821,0.00609060975317699,0.0003061832785828944,0.009041189476714617,-0.0008233334720576524
2024-10-25,0.03343823359841336,0.0096339429044483,0.015671142667983418,0.0021938645706405246,-0.00029944716993013376,0.008047776027859666,0.00805211039481013,0.007779788122410869,0.003643122193325521
2024-10-28,-0.024815158866218545,0.008565182372078484,0.008773501358930735,0.0007296873549778038,0.0026514435020339455,-0.007206339379067672,-0.0036435918255415256,0.002981406341556969,0.008599439836995959
2024-10-29,-0.01139012091242797,0.02615210132686152,0.017754356693760798,0.009296730069591863,0.001614127248163344,0.00519492621234674,0.012564840339417849,0.012951868195294036,0.0011568214430770496
2024-10-30,-0.007590942139718337,-0.0024947873690736033,0.028170627603002263,0.007260547018237196,-0.003300233889343751,-0.01352216435014486,0.001342711197001245,0.009956473710913016,-0.015277908939084206
2024-10-31,-0.029897037679701755,-0.04092586654192354,-0.019202022164278243,-0.018002492799668257,-0.018614700871699585,-0.0472225663139626,-0.06052757318107682,-0.03284388507953562,-0.018209485949028936
2024-11-01,-0.003482130697311625,-0.0007400244541996281,0.0010518278144997506,0.0001095748540242969,0.004092509543626166,0.019885483196078635,0.009892938411046437,0.06185621865256041,-0.013279608196862802
2024-11-04,-0.024660613282231236,-0.011425405862294236,-0.011967862958911057,-0.0009128751591513939,-0.002812083478299976,0.004800641828860641,-0.004654346614091032,-0.01086239567545566,-0.004037581186054351
2024-11-05,0.03541429020427711,0.02095671196859361,0.002954308526250893,0.0015350137136695974,0.012265644545291332,0.028371890640881414,0.007344637854016511,0.0190009257528736,0.006486222502952499
2024-11-06,0.14751032444224466,-0.0006637968711082909,0.039884529205760355,-0.026529923685898793,0.025295927786425976,0.040740463195271026,0.021192787683184777,0.038045094425516846,-0.003266935215639921
2024-11-07,0.02904379065700735,0.03435023169234008,0.02402128023671657,0.01154588527514333,0.007431229727488331,0.022457327524676662,0.012494662177061633,0.01429333510169939,0.021372105867816016
2024-11-08,0.08187665372925301,-0.003988534809397426,-0.013277956688096393,-0.004039394729551615,0.0037568333092317108,-0.008396143645524212,-0.0067931114028929596,-0.008902691496347037,-0.0011882041412023536
2024-11-11,0.08959591143118995,-0.010469439504931288,0.011213875360319259,-0.028390715843023218,0.0009690634297987444,-0.016053716934357865,-0.010720874110255796,-0.006436720074140534,-0.012028565630717747
2024-11-12,-0.06145717075892854,0.0028293845868363476,0.00704187967985237,-0.004289197066983941,-0.00289265965137242,0.020859136895978736,0.012009264486608773,0.010007771034946433,0.0
2024-11-13,0.005327407385385952,-0.008241842680193678,-0.0150864656911891,-0.007384596604567362,0.00023222772482434095,-0.013621811941809003,0.005129695696337144,0.024843245179395845,0.003969140127956905
2024-11-14,-0.05771559508909463,-0.004896580141654283,-0.018448060304087077,-0.00488224481473154,-0.006049734794859041,0.0033498153094260186,0.0039746218553400325,-0.012237320417028852,0.013770469288696185
2024-11-15,0.030657525449785616,-0.039988902741042054,-0.017598838090985724,-0.0009734444542992549,-0.013203489851361216,-0.03257011505727392,-0.027852599097416553,-0.041942478231440816,-0.014109248872170355
2024-11-18,0.056186046847983784,0.0005776445278193876,0.016290822037749342,0.017500154865679907,0.003917814394541086,-0.012889184315593716,0.001831310762671734,-0.004491405455644082,0.013422266547766126
2024-11-19,0.021432396454288627,0.012067069097129624,0.016086568361895814,0.006320385881703361,0.003963584828470035,0.04894760018955968,0.004882601414777588,0.014427385751800914,0.0011402075432298542
2024-11-20,-0.011473991967350106,0.007895328976580851,-0.012014258367002206,0.008031613844653007,2.195086225209586e-05,-0.00761847656006287,-0.005505207234023923,-0.00845508881471324,0.003154014951826989
2024-11-21,-0.006987644766217049,-0.004296965669356778,-0.047448627397336685,0.009025053593026078,0.0053404615405816536,0.005346508905426095,-0.004316764387567673,-0.022180598835253806,-0.0020960211419173147
2024-11-22,0.038040225983177356,-0.007014738377272511,-0.017121051767238993,0.01414610355377599,0.003467959094991535,-0.03218117376206464,0.010003146975922084,-0.006351495788949668,0.005907550208260837
2024-11-25,-0.039624464821427674,0.010677025500493098,0.017540703594180362,-0.034355458456271526,0.003020480305938378,-0.041775172561195006,0.004292614046347065,0.021966324768223133,0.013050850217118715
2024-11-26,-0.001063189566898104,0.014917326773324469,0.008768272822577972,0.0013375114394267307,0.005722005647630368,0.006616683718972727,0.021968025877207475,0.03181932866326265,0.00940437493731383
2024-11-27,-0.015788061864523528,-0.007566923594911734,0.0006503873883445532,0.007480003492115639,-0.003801238017440034,-0.011539671319272693,-0.011682506077315247,-0.010199148999145757,-0.00055302930411949
2024-11-29,0.03685898787510977,0.008995084196798064,-0.0016545540860156693,0.00647755531983174,0.005607785488815242,0.021501508477185016,0.001111127175987603,0.010450052683389277,0.010215831332992531
2024-12-02,0.034563659025395044,0.0322294111873489,0.015034069711264975,-0.008317688240967236,0.0024484564662998753,0.0027485692239506143,0.017758519717767873,0.01356490130596999,0.009522560857517126
2024-12-03,-0.01587830229999254,0.035119680642609064,-0.000874699868161799,0.003719324904679633,0.0004514491145146682,0.011757972494752744,0.000510426602123415,0.012956175029913197,0.012771824457546543
2024-12-04,0.018524782309774723,0.00021181608983322775,0.0176840845470585,0.0034408809408483787,0.006051417924264779,0.03479250160027614,0.014424853561238793,0.02211394849472459,0.0014836153579087519
2024-12-05,0.03229681165351517,-0.00790187600824177,-0.00992132563140391,-0.010249435025779796,-0.0018697756269248078,-0.00048231587326041936,0.01188784438341095,0.010955259211262725,0.0001234566969978701
2024-12-06,0.053397958017247005,0.024370652965464146,0.011990326521106098,0.004568643704349062,0.0024954538421815275,-0.018061541096373146,0.002146358610181087,0.029381072944344444,-0.0008229220981327279
2024-12-09,0.0014644862094215227,-0.016352212107305863,0.0049279854952040125,0.009967332568076914,-0.006144213927296471,-0.025484436670788146,0.00552330182597105,-0.004140432746599476,0.016101179050533432
2024-12-10,0.02873337295448497,0.00937144394511602,0.05588185257495604,0.012270703032313035,-0.002963883313944371,-0.026943184610302207,-0.006031083641118373,-0.004644181824783544,0.004133719732402952
2024-12-11,0.05930322291934931,0.021571906668171215,0.05524652759129545,0.013419317119437668,0.008165786048233592,0.03139100594341926,0.012767031405161777,0.02319588240507109,-0.005166084556857187
2024-12-12,-0.015702575706076027,-0.0029872634712653223,-0.01760487430110058,-0.016936150413770057,-0.005414022527810203,-0.014141119818424364,0.0012694898877707583,-0.0056023335225716675,0.005963785710253022
2024-12-13,0.04336284290396253,-0.01655065824047519,-0.011148179040299744,-0.011720930232558158,-2.6466639124200775e-05,-0.022498840540869036,-0.0050938996659094515,-0.006594726378065796,0.0006855399612875068
2024-12-16,0.06141250567967771,0.007082375910342442,0.03603417198808301,-0.0017319644790098065,0.0037993543260221863,-0.01675984003908426,0.009658631059368039,0.024048121869595374,0.011727704494844282
2024-12-17,0.036369912179738284,-0.007689321391673887,-0.006305363800506503,-0.002640114753648559,-0.003863994965801476,-0.012196940654958244,0.006355324646269311,-0.00764177579215608,0.009719553649706558
2024-12-18,-0.0827949436951747,-0.03591954306380629,-0.035922669803550744,-0.0029874083480143643,-0.02949284635160343,-0.011350521794666113,-0.03756103255664045,-0.045987410359975445,-0.021421770273511442
2024-12-19,-0.008997322180141931,-0.002712756903265112,0.0005838911557476401,-0.016802597696994104,-0.0008651123249070469,0.013730384805200169,-0.00082307288700878,0.012561168873593154,0.007014690099998555
2024-12-20,-0.034642491239586515,-0.017327878496011695,0.015383818724489018,0.014080703914641779,0.010869123768910471,0.030762229641864147,-0.000983911073806465,0.00729994595290151,0.018815872401230394
2024-12-23,0.022657123925894362,0.024946522587754538,0.016822594747009534,-0.006238788240719106,0.007287273468533639,0.03689681311202908,-0.003092055683336703,0.0006224408269079884,0.0030649570166518814
2024-12-24,0.07357174228224572,0.013170005802913165,0.00760411657254112,0.002947575327470142,0.01104275925539211,0.003937909905315173,0.009373859223989811,0.017728630305015702,0.011478066964506484
2024-12-26,-0.017629994630971146,-0.007239867216496942,-0.002600510380541987,0.007175591155772931,-0.00040565878647391695,-0.0020682120359187817,-0.0027769585868658853,-0.00873171784917226,0.0031756846138972783
2024-12-27,-0.04947922616674816,-0.005867160012875017,-0.014519494386796228,-0.008185575737669981,-0.011055736101235558,-0.02086762914318374,-0.017301563592759583,-0.014534256804240364,-0.01324212735064867
2024-12-30,-0.03301209257078741,-0.014287952032030815,-0.007885443447620433,-0.0042411178827413964,-0.010701995701766776,0.003503462418835923,-0.013239507205432988,-0.010949707031249978,-0.01326342715583062
2024-12-31,-0.03251001941775111,-0.009691406465931696,-0.010144274715071955,0.008863762959987476,-0.004284800394927402,-0.023274429515869333,-0.007838423628867885,-0.008630834323407832,-0.007057892758140283
2025-01-02,-0.06081615932376483,0.023449603728699087,0.0006866696353218238,0.011296193413755873,-0.0022238866412221947,0.02993515923827439,-0.00692763307333033,0.003783225458606987,-0.026235884574015045
2025-01-03,0.08215567328200035,0.00899469998687974,0.012458425075783097,-0.005227689215189235,0.01259602672149196,0.04453767605051051,0.011395701906888434,0.018027432561515733,-0.002009471288797249
2025-01-06,0.0014861742226248698,0.04229037938249158,0.026487312709433608,-0.002495311023156921,0.005538045085450305,0.03433231771241818,0.010629508038998425,0.015254909370185477,0.006738987497901139
2025-01-07,-0.040603340073111505,-0.019533504155042736,-0.007009652190579363,0.006936040594857751,-0.01110391288210788,-0.06216953735254882,-0.012808276658204054,-0.02416414035082548,-0.011387715926354569
2025-01-08,0.0014707807875757872,-0.011604021192917813,-0.007877692205804587,0.002935991633034929,0.001560360190925314,-0.00021397373730991376,0.005185076963486246,9.006470850470016e-05,0.0020229512510121506
2025-01-09,0.0,0.0,0.0,0.007243403575952323,0.0,0.0,0.0,0.0,0.0
2025-01-10,-0.0005064369418008585,0.008416305380077649,-0.009847917684861152,0.009203349997202626,-0.01541164380306681,-0.029976457851494387,-0.01321370717659709,-0.014360970473526025,-0.024103798826267564
2025-01-13,0.021710512074366584,-0.012226719997190827,-0.005363432106533672,-0.012922281705741168,0.0015754440882007614,-0.019719006321341603,-0.004200958755191886,-0.0021923619356289947,-0.010344108804078989
2025-01-14,-0.017232432245921525,-0.02314536423907565,-0.007067706972478605,0.0014961660744343686,0.0011462798112440442,-0.011033544476767743,-0.0036433732269276486,-0.003204303696411115,-0.004778176169113579
2025-01-15,0.08038151439752794,0.03848548317158973,0.031055574434653455,0.013071895424836555,0.018312792279639112,0.03400129878417624,0.025597165805012034,0.025670516796895804,0.01967593509639265
2025-01-16,-0.03362756026209679,-0.009430991593963434,-0.01350038302227774,0.012497659850230436,-0.0021126894641922966,-0.019597764467051526,-0.0040581371761688745,-0.012043887924316987,-0.04040020223572849
2025-01-17,0.030641323404759335,0.0024048041719515467,0.01601780993768931,-0.0007645840337501264,0.009991058969353706,0.030994972031360257,0.010481032634545029,0.023928209424767255,0.007535258744368001
2025-01-21,-0.00569752092797482,0.006021813033985746,0.010459242546479341,0.0038989727732010593,0.008768227105582893,0.022656248528251988,-0.001235395649836435,0.021111818274402117,-0.03191582351493971
2025-01-22,-0.021128638710367298,0.011420059828940454,0.0016157230906552744,0.0045735381692377786,0.006137941522227575,0.04430884644733224,0.04130695875755275,0.018638063663626525,0.005344938665144516
2025-01-23,-0.006576523247056931,0.020769827080098446,-0.001966051004430258,-0.0016259574509376318,0.00531348622041139,0.0010198709332529532,0.0011429002981395708,0.0017446222360446573,-0.0007594446717803516
2025-01-24,-0.014064741844588391,0.017346161495395362,0.011263829302267991,0.005139137443453512,-0.002855132319398823,-0.03124586996828027,-0.0059322308291589465,-0.002421170970448472,-0.003934588398438299
2025-01-27,-0.023193450212053546,0.01913549577952578,-0.041956012226278205,-0.014330482169155112,-0.014580715690809543,-0.16968164809235808,-0.021393501099034262,0.0024270472668348475,0.03178021232063055
2025-01-28,0.0023668700890153715,0.021897887253533366,0.01819512728537176,0.010703214183789944,0.009217869449967608,0.08925872857409978,0.029086914536997632,0.011596277923593856,0.03654399783087747
2025-01-29,-0.02258280870425211,0.003203181040154268,0.0005632620923985421,0.0008313028724642457,-0.004678895760321544,-0.041011038823989265,-0.010890062351422536,-0.004534900692607424,0.0046168420520831255
2025-01-30,0.028732954254456988,0.015536096140786881,0.027941178539951483,0.019464772107505413,0.005275414405311762,0.007679873970792839,-0.06180903438748164,-0.010250170242948609,-0.0073947623879278
2025-01-31,0.010792463618949588,0.0031731838091064724,0.015681867131003724,-0.0037194473963868546,-0.005046825754019935,-0.03674284683822637,0.00016873993271038223,0.012955989149507907,-0.006692149732309471
2025-02-03,-0.05170542044525339,0.012014372572128673,-0.01367519677993878,0.007608854166666568,-0.007608597684666707,-0.028400073002868287,-0.0099744575263363,-0.0010938846972727845,-0.03385596048030004
2025-02-04,0.022232065633156273,0.009649271246422453,0.025592671718451587,0.006845741611526401,0.007224881828679752,0.017058097692697283,0.003528628564701375,0.019543422733693472,0.021007872466946687
2025-02-05,-0.035797094243459227,0.0009656296233064854,-0.07292371789552754,0.006413643330515084,0.003908672930614365,0.05208593578127907,0.002231062993585775,-0.024332807771026643,-0.0014175173597156254
2025-02-06,-0.010180622383618276,0.010101119529914326,0.0014111452368978927,-0.005432545314712378,0.003644298722618622,0.030841835616687963,0.0061215987141365336,0.011263088803542765,0.003226221483410008
2025-02-07,-0.0339282217314959,0.003553448664185499,-0.03267227985275056,0.003956599729735721,-0.009464770111542897,0.009014638306834799,-0.014597681302489951,-0.04053095448794508,-0.023968791264069034
2025-02-10,-0.030114441341470455,0.004030679813855409,0.006096945312615176,0.016391727129920985,0.006712541085862833,0.028727808282886125,0.006028066048648473,0.017412199866636335,0.0011873911860060815
2025-02-11,-0.06338211812502892,0.0033453587766576476,-0.006167154387356155,-0.0006176607754746488,0.00033958278885926063,-0.00576475815446853,-0.0018922013457121079,-0.0016299428832775575,0.021831765227118938
2025-02-12,0.0243835913717656,0.007752199831617901,-0.009227311384293668,-0.001201716738197467,-0.0027238667143857365,-0.012500027291381555,-0.005833184133257507,-0.01645472556041927,0.018270140526221557
2025-02-13,0.05773971683431944,0.0043839252313151444,0.013779176906860036,0.005809522978257098,0.010426292122230674,0.031645523221289995,0.003667149823785687,0.006290143220533118,0.01967325435120615
2025-02-14,-0.0002809633725618932,0.011131535939149284,-0.0048888626996927975,-0.014457023855674711,-7.194380749464546e-05,0.026313877875597136,-0.005139637507443728,-0.007336035409240549,0.012710666748373622
2025-02-18,-0.004861766535893763,-0.02755647231710623,-0.00788205258638408,0.01664585877875835,0.0024449877750611915,0.0039610556821711995,0.002962643632550943,-0.008877028355405714,-0.0005314999164697243
2025-02-19,0.018214714280444966,-0.017588599840720698,0.008162384153348468,-0.004161616491367259,0.0023769693899173827,-0.0012195017820708642,0.012523156713649897,-8.819331220011328e-05,0.001636167605379324
2025-02-20,-0.01708454543992588,-0.012688797940404228,-0.0038322421704621856,0.007056278120620485,-0.0043341850761716705,0.006320545372960007,0.005290627696018069,-0.016546793977871843,0.003920475080696484
2025-02-21,-0.046839747148427646,-0.016248437244486214,-0.026549632865700223,-0.0008162933142006334,-0.01706412670256352,-0.04053965596768683,-0.019032545922673227,-0.028266344731418536,-0.001138993520771736
2025-02-24,-0.021521578674915554,-0.022558638016510035,-0.0022821011724434292,0.0035061970129008913,-0.00496910650440241,-0.030871042231559453,-0.01031329840818318,-0.017868663239768212,0.00631237235794746
2025-02-25,-0.0838955952220366,-0.015910066753760166,-0.02136679514435802,-0.014722312080286182,-0.004679730915472358,-0.028016590832288357,-0.015099025008702083,0.000423094048469963,-0.0002428685386501872
2025-02-26,-0.039630120487999076,0.024638794080222848,-0.015334622183905022,0.004234824867662246,0.00013602428004699796,0.03672117117005835,0.0045991885345939565,0.007283848822975836,-0.027040126527384523
2025-02-27,-0.030433204805490277,-0.022947944748365257,-0.024489053738428357,-0.011519506683274172,-0.015864553655509872,-0.08478060858269565,-0.01801218824992734,-0.02617215045770671,-0.012730893454915293
2025-02-28,0.03912040539724382,0.015131297228459406,0.010563717706246534,-0.016093196146486743,0.01585414463498891,0.039700313453107094,0.011362167143780022,0.016958863624485065,0.019131872009047424
2025-03-03,-0.02843203214376444,-0.019679818849013264,-0.019203648241011284,0.018823992323959926,-0.0175967394669998,-0.08693564039304158,-0.021411119194672312,-0.034200087377916355,-0.01575420780800274
2025-03-04,-0.04429996705409467,-0.022975344404012388,0.023411774132647167,0.006712389043017186,-0.012234826602200433,0.01692093966450714,0.0003088756987408292,-0.005950644792114046,-0.00882244302938795
2025-03-05,0.025952056083059283,0.025734412236829707,0.012286514569791018,0.0019590153218878026,0.011159277893187936,0.011294108143442116,0.03193434067547818,0.022374865016246748,-0.0008052693108767661
2025-03-06,-0.056073068986891905,-0.04347497553518298,-0.0038724191561094745,0.0004459399740508463,-0.017819007085749905,-0.057374289451369465,-0.010298674575779265,-0.03676331176651382,-0.0017392197020257294
2025-03-07,-0.0029607088371812473,-0.0036150896111046826,0.00876128421072031,-0.00408014334702167,0.00552061780274804,0.01917343774173985,-0.009020174249067203,-0.007224698407026442,0.015892599600832114
2025-03-10,-0.1542620682219512,-0.044225270782656145,-0.04485781631145713,-0.0047164772273115,-0.0269730913054258,-0.0506700251998321,-0.03343417146299554,-0.02363867861413893,-0.04847957184759566
2025-03-11,0.037947369642955975,0.012910012392786552,-0.01103274784424868,0.007575199703822255,-0.007567865323653167,0.016638645189327006,0.0007628591701605014,0.010537694677220655,-0.029189377151217277
2025-03-12,0.0759389121683911,0.022865656251475075,0.018714992988714485,0.008994540214519287,0.004886869929446425,0.06427584242546702,0.0074122137367840235,0.011699491808345508,-0.017478720677234882
2025-03-13,-0.02986820819658198,-0.04667827796275392,-0.026030794612098007,0.015378840349098422,-0.013890984206835322,-0.0013823745953681632,-0.011741070600337244,-0.025139524437347016,-0.03364366852013578
2025-03-14,0.038640532386444715,0.02962979358415896,0.016773231005567935,0.003417870524071498,0.021265869083087807,0.052690744431657555,0.025846843279256015,0.02093969555611075,0.01817060735629683
2025-03-17,-0.04788383640805238,-0.004443632785322782,-0.007251266947844837,0.0018367006177992806,0.006416130719105961,-0.01758855446580132,0.0003603424164022595,-0.01116439246854839,0.00238884488132296
2025-03-18,-0.05335909096824687,-0.037262420487308545,-0.022034178983030284,0.011700032552083295,-0.010653512117636543,-0.03430099988281132,-0.013326532108777878,-0.014917738259935254,-0.006121483918662407
2025-03-19,0.046824389357219776,0.002919177570218867,0.02004108581190911,0.000263518388773365,0.010798495567894584,0.018106179783115905,0.011211979645716852,0.014106347155876442,0.011989294383784266
2025-03-20,0.0016958954271570903,0.003321580744299446,-0.0066507800472874745,0.0013505378267197887,-0.0021848931523151816,0.008594300247455555,-0.0025269737708730755,-0.003017266841301769,-0.0052964103352275416
2025-03-21,0.05269623506518384,0.017491467576791875,0.007309597168913662,-0.007171068693462179,0.0008246534476661349,-0.0070024621581255,0.011425947341478171,0.006463245885351521,0.019476870855058115
